,title,price,promo
0,Bantal Sofa 28x67 Cm Long Tiger,179.000, New Arrivals
1,Jam Dinding 59 Cm Z185 - Hitam,699.000, New Arrivals
2,Tanaman Artifisial 16.5 Cm Lidah Buaya Dengan Pot  - Putih/hitam,99.000, New Arrivals
3,Gorden 140x250 Cm Fairytales,590.000, New Arrivals
4,Bantal Sofa 40 Cm Round Hippo,179.000, New Arrivals
5,Jam Dinding 46 Cm K01525 - Hijau,459.000, New Arrivals
6,Gorden 140x250 Cm Bright Skies,590.000, New Arrivals
7,Bantal Sofa 40 Cm Round Monkey - Cokelat,179.000, New Arrivals
8,Pot Tanaman 23 Cm Xy61 - Cokelat,299.000, New Arrivals
9,Hiasan Dinding 40x50 Cm Kanvas Print Whale Xc51,129.000, New Arrivals
10,Bantal Sofa 40 Cm Round Tiger,179.000, New Arrivals
11,Hiasan Dinding 60x80 Cm Kanvas Print Jungle - Hijau,429.000, New Arrivals
12,Keset Memory Foam 70x120 Cm Rax - Abu-abu,399.000, New Arrivals
13,Tanaman Artifisial 18 Cm Monstera Albino,99.000, New Arrivals
14,Hiasan Dinding 45x60 Cm Kanvas Print Shadow Xc11,199.000, New Arrivals
15,Bantal Sofa 30x40 Cm Animal Croco - Hijau,159.000, New Arrivals
16,Hiasan Dinding 35x35 Cm Set 5 Pcs K30 - Hitam/gold,209.300, New Arrivals
17,Jam Dinding 59 Cm Z183r - Merah,699.000, New Arrivals
18,Pot Tanaman 20 Cm Xy69 - Cokelat,199.000, New Arrivals
19,Appetite Set 4 Pcs Lacer Tatakan Piring Octagon - Hitam,119.000, New Arrivals
20,Bantal Sofa 3d 40x40 Cm Hippo,159.000, New Arrivals
21,Bantal Sofa 3d 40x40 Cm Monkey - Cokelat,159.000, New Arrivals
22,Hiasan Dinding 50x50 Cm Set 5 Pcs K08 - Gold,349.300, New Arrivals
23,Bantal Sofa 28x67 Cm Long Croco - Hijau,179.000, New Arrivals
24,Gorden 140x250 Cm Jacquard - Merah Maroon,553.000, New Arrivals
25,Appetite Set 4 Pcs Lacer Tatakan Piring Round - Hitam,119.000, New Arrivals
26,Appetite Set 4 Pcs Lacer Tatakan Piring Round - Rose Gold,119.000, New Arrivals
27,Hiasan Dinding 39x39 Cm Set 5 Pcs K51 - Gold,349.300, New Arrivals
28,Appetite Set 4 Pcs Tatakan Piring Lacer Round - Gold,119.000, New Arrivals
29,Appetite Set 4 Pcs Lacer Tatakan Piring Octagon - Rose Gold,119.000, New Arrivals
30,Sarung Bantal Sofa 55x55 Cm Velvet Red Orange,109.000, New Arrivals
31,Bantal Punggung 33x35 Cm Hippo,259.000, New Arrivals
32,Gorden 140x250 Cm Space,590.000, New Arrivals
33,Isian Bantal Sofa 55x55 Cm - Putih,89.000, New Arrivals
34,Appetite Set 4 Pcs Lacer Tatakan Piring Octagon - Gold,119.000, New Arrivals
35,Cermin Rias Meja 18.5 Cm Pembesaran 2x - Hitam,179.000, Buy More Save More
36,Bingkai Foto 35x35x1.5 Cm W1- Putih,129.000, Buy 2 Get 1
37,Tanaman Artifisial Y8 28x28x100 Cm - Hijau,1.149.000, Online Exclusive
38,Meryl Lampu Meja 21x27 Cm - Cokelat,189.000, Online Exclusive
39,Lampu Meja Meryl Besar 21x27cm - Kuning,189.000, Online Exclusive
40,Gorden 140x250 Cm Set 2 Pcs Yarn Dyed Jacq - Kuning,483.000, Online Exclusive
41,Icy Lampu Meja 12x26.5 Cm,154.000, Online Exclusive
42,Icy Lampu Meja 12x22.5 Cm - Biru,139.000, Online Exclusive
43,Bingkai Foto Board Dengan 2 Klip Bg18 29x29x3 Cm,139.000, Buy 2 Get 1
44,Bingkai Foto Board Dengan 3 Klip Bg17 29x39x3 Cm,149.000, Buy 2 Get 1
45,Gorden 140x250 Cm Set 2 Pcs Yarn Dyed Jacquard - Beige,483.000, Online Exclusive
46,Lampu Meja Morris - Silver,89.000, Online Exclusive
47,Lampu Meja Morris - Tosca,89.000, Online Exclusive
48,Lampu Meja Bulby - Gold,114.000, Online Exclusive
49,Lampu Meja Bulby - Abu-abu,114.000, Online Exclusive
50,Lampu Meja Florry - Rosegold,114.000, Online Exclusive
51,Florry Lampu Meja 10x28.5 Cm - Silver,114.000, Online Exclusive
52,Lampu Meja Florry - Gold,114.000, Online Exclusive
53,Vas Kaca 20 Cm - Hijau,69.000, Buy 1 Get 1
54,Set Bingkai Foto Pf515 7 Pcs - Cokelat Muda,379.000, Online Exclusive
55,Cermin Rias Meja 18.5 Cm Pembesaran 2x - Putih,179.000, Buy More Save More
56,Vas Kaca 20 Cm - Pink,69.000, Buy 1 Get 1
57,Set Bingkai Foto 7 Pcs Mid Century Pf020,379.000, Online Exclusive
58,Vas Kaca 20 Cm - Biru,69.000, Buy 1 Get 1
59,Gorden 140x250 Cm Set 2 Pcs Yarn Dyed Jacquard 511,399.000, Online Exclusive
60,Bingkai Foto Kompilasi Set 7 Pcs Pf516 - Abu-abu,379.000, Online Exclusive
61,Vas Kaca 20 Cm - Abu-abu,69.000, Buy 1 Get 1
62,Set Bingkai Foto 53x37.5x8 Cm  Pf516 7 Pcs,379.000, Online Exclusive
63,Gorden 140x250 Cm Set 2 Pcs Yarn Dyed Jacquard - Hijau,399.000, Online Exclusive
64,Bingkai Foto Set 7 Pcs Sporty Play  Pf516,379.000, Online Exclusive
65,Gorden 140x250 Cm Set 2 Pcs Yarn Dyed Jacquard 167,469.000, Online Exclusive
66,Vas Kaca 20 Cm - Biru Muda,69.000, Buy 1 Get 1
67,Cermin Rias Meja 17.5 Cm Pembesaran 3x - Putih,129.000, Buy More Save More
68,Tanaman Artifisial 7x7x15 Cm Set 3 Pcs Kaktus Y12,75.000, Online Exclusive
69,Giano Lampu Meja Metal - Hitam,649.000, Buy 1 Get 1
70,Giano Lampu Meja Metal - Putih,649.000, Buy 1 Get 1
71,Kevy Lampu Dinding 2l 20x11.5x64 Cm - Antique Brass,399.500, Online Exclusive
72,Bingkai Foto 8r A1001 - Putih,59.000, Buy 2 Get 1
73,Bingkai Foto 5r A1001 - Putih,49.000, Buy 2 Get 1
74,Bingkai Foto 8r Ic-286 - Putih,99.000, Buy 2 Get 1
75,Cermin Lantai F03 40x160 Cm - Putih,859.000, Online Exclusive
76,Bingkai Foto 5r Ic-286 - Putih,69.000, Buy 2 Get 1
77,Gazel Lampu Meja 21.5x18x50.5 Cm - Hitam,599.000, Buy 1 Get 1
78,Jam Dinding 31.5 Cm Plastik - Hitam,250.000, Buy 1 Get 1
79,Set Tanaman Artifisial 20.5 Cm Lavender 3 Pcs,89.000, Online Exclusive
80,Set Tanaman Artifisial 18.5 Cm 9a 3 Pcs,89.000, Online Exclusive
81,Gazel Lampu Meja 21.5x18x50.5 Cm - Putih,599.000, Buy 1 Get 1
82,Gazel Lampu Meja 21.5x18x50.5 Cm - Biru,599.000, Buy 1 Get 1
83,Bantal Outdoor 40x25 Cm - Cokelat,69.000, Online Exclusive
84,Bantal Outdoor 40x25 Cm - Hijau,69.000, Online Exclusive
85,Jam Dinding 31.5 Cm Plastik 6911 - Abu-abu,250.000, Buy 1 Get 1
86,Cermin Rias Meja 17.5 Cm Pembesaran 3x - Hitam,129.000, Buy More Save More
87,Vas Kaca 15 Cm Dengan Alas - Transparan,129.000, Buy 1 Get 1
88,Cyra Lampu Meja - Biru,799.000, Buy 1 Get 1
89,Cyra Lampu Meja Ap240 25x31x43 Cm - Abu-abu,799.000, Buy 1 Get 1
90,Jam Dinding 61 Cm - Putih,543.200, Online Exclusive
91,Gino Lampu Meja 29x17x45 Cm - Putih,499.000, Buy 1 Get 1
92,Jam Dinding 51.6 Cm Metal 1162 - Silver,559.200, Online Exclusive
93,Gino Lampu Meja 29x17x45 Cm - Abu Abu,499.000, Buy 1 Get 1
94,Jam Dinding 42 Cm Metal 171 - Silver,399.200, Online Exclusive
95,Gino Lampu Meja 29x17x45 Cm - Hitam,499.000, Buy 1 Get 1
96,Jam Dinding 37.5 Cm Metal 157 - Hitam,351.200, Online Exclusive
97,Cermin Lantai F01 38.5x160 Cm - Hitam,1.059.000, Online Exclusive
98,Jam Dinding 36 Cm Metal 281 - Hitam,351.200, Online Exclusive
99,Jam Dinding 30 Cm Metal 050 - Krem,249.000, Online Exclusive
100,Cermin Lantai F03 40x160 Cm - Hitam,859.000, Online Exclusive
101,Pentagon Lampu Gantung Hias 4l - Hitam,1.199.000, Online Exclusive
102,Pentagon Lampu Gantung Hias 4l - Gold,1.199.000, Online Exclusive
103,Karpet 130x180 Cm Sporty Play A,329.000, Online Exclusive
104,Karpet 130x180 Cm Sporty Play,329.000, Online Exclusive
105,Chiyo Lampu Meja 20x23x38 Cm - Gold,499.000, Buy 1 Get 1
106,Cermin Lantai 38.5x160 Cm - Putih,1.059.000, Online Exclusive
107,Karpet 120x170 Cm Embossed Faux Fur - Cokelat,699.000, Online Exclusive
108,Cloris Lampu Meja Ap251 21x28x28 Cm - Putih,599.000, Buy 1 Get 1
109,Cloris Lampu Meja Ap251 21x28x28 Cm - Hitam,599.000, Buy 1 Get 1
110,Cleon Lampu Meja Ap239 17x22x45 Cm - Putih,499.000, Buy 1 Get 1
111,Vas Kaca 20 Cm Neo Candy - Biru,69.000, Buy 1 Get 1
112,Cleon Lampu Meja 17x22x45 Cm Ap239 - Biru,499.000, Buy 1 Get 1
113,Cleon Lampu Meja Ap239 17x22x45 Cm - Abu-abu,499.000, Buy 1 Get 1
114,Jam Weker 4 Cm Twin Bell Alarm Bb-10 - Biru,69.000, Buy 1 Get 1
115,Vas Kaca 22.5 Cm Glam - Merah,150.000, Buy 1 Get 1
116,Vas Kaca 22.5 Cm Deco - Kuning,150.000, Buy 1 Get 1
117,Vas Kaca 20 Cm Neo Candy - Merah,69.000, Buy 1 Get 1
118,Karpet 130x180 Cm Jacquard Mr - Pink,299.000, Online Exclusive
119,Jam Alarm 4 Cm Mini Twin Bell - Putih,69.000, Buy 1 Get 1
120,Jam Alarm 4 Cm Mini Twin Bell - Pink,69.000, Buy 1 Get 1
121,Karpet 130x180 Cm Jacquard Mr - Abu-abu,299.000, Online Exclusive
122,Karpet 130x180 Cm Jacquard Mr Brown,299.000, Online Exclusive
123,Jam Alarm 4 Cm Mini Twin Bell - Hitam,69.000, Buy 1 Get 1
124,Jam Dinding 30. 5 Cm 3312d4 - Biru,250.000, Buy 1 Get 1
125,Jam Dinding 30.5 Cm 3312d4 - Abu-abu,250.000, Buy 1 Get 1
126,Jam Dinding 3312d4 - Putih,250.000, Buy 1 Get 1
127,Keset Kamar Mandi 39x69 Cm Oval Jungle Animal - Transparan,120.000, Buy 1 Get 1
128,Keset 50x80 Cm Pvc Solid - Cokelat,99.000, Online Exclusive
129,Keset Pintu 50x80 Cm Pvc - Abu-abu,99.000, Online Exclusive
130,Vas Kaca 22.5 Cm Glam Deco - Biru,150.000, Buy 1 Get 1
131,Vas Kaca 22.5 Cm Glam - Hijau,150.000, Buy 1 Get 1
132,Vas Kaca 20 Cm Neo Candy - Kuning,69.000, Buy 1 Get 1
133,Vas Kaca 20 Cm Neo Candy - Pink,69.000, Buy 1 Get 1
134,Vas Kaca 20 Cm Neo Candy - Hijau,69.000, Buy 1 Get 1
135,Bingkai Foto 29.8x22.8 Cm F9-2opngs - Cokelat,109.000, Buy 2 Get 1
136,Bantal Sofa 45x45 Cm Embossed Faux Fur - Cokelat,199.200, Online Exclusive
137,Bingkai Foto F9-4opngs 36.8x36.8 Cm - Cokelat,179.000, Buy 2 Get 1
138,Keset Kamar Mandi 39x69 Cm Oval Bear - Transparan,120.000, Buy 1 Get 1
139,Grego Lampu Meja - Hitam,600.000, Buy 1 Get 1
140,Garvil Lampu Meja 56x21x69 Cm - Abu-abu,699.000, Buy 1 Get 1
141,Calder Lampu Meja 26x31x50 Cm Ap241 - Biru,799.000, Buy 1 Get 1
142,Calder Lampu Meja Ap241 26x31x50 Cm - Abu-abu,799.000, Buy 1 Get 1
143,Corwin Lampu Meja Ap2397 20x28x44 Cm - Abu-abu,599.000, Buy 1 Get 1
144,Corwin Lampu Meja Ap2397 20x28x44 Cm - Putih,599.000, Buy 1 Get 1
145,Calder Lampu Meja 26x31x50 Cm Ap241 - Putih,799.000, Buy 1 Get 1
146,Cyra Lampu Meja Ap240 25x31x43 Cm - Putih,799.000, Buy 1 Get 1
147,Gibsy Lampu Meja - Hitam,459.000, Buy 1 Get 1
148,Lampu Meja Gatsby - Putih,599.000, Buy 1 Get 1
149,Gatsby Lampu Meja 47x17x52cm - Abu-abu,599.000, Buy 1 Get 1
150,Lampu Meja Gatsby - Hitam,599.000, Buy 1 Get 1
151,Tripod Lampu Meja - Putih,600.000, Buy 1 Get 1
152,Tripod Lampu Meja - Abu-abu,600.000, Buy 1 Get 1
153,Tripod Lampu Meja - Hitam,600.000, Buy 1 Get 1
154,Tripod Lampu Lantai - Putih,1.200.000, Buy 1 Get 1
155,Tripod Lampu Lantai - Abu-abu,1.200.000, Buy 1 Get 1
156,Tripod Lampu Lantai - Hitam,1.200.000, Buy 1 Get 1
157,Bingkai Foto Set 3 Pcs Dengan Display Tray F9,199.000, Buy 2 Get 1
158,Cermin Rias Meja Bulat 17.5 Cm Dengan Pembesaran 2x - Hitam,149.000, Buy More Save More
159,Cermin Rias Meja 15.5x21 Cm Pembesaran 2x - Hitam,129.000, Buy More Save More
160,Grego Lampu Meja - Putih,600.000, Buy 1 Get 1
161,Cermin Dinding Dekorasi 50 X 60 Cm - Hitam,300.000, Buy 1 Get 1
162,Cermin Dinding Dekorasi M12 50x60 Cm - Putih,300.000, Buy 1 Get 1
163,Cermin Dinding Dekorasi 50x60 Cm - Cokelat,300.000, Buy 1 Get 1
164,Cermin Dinding Dekorasi 30x90 Cm - Hitam,350.000, Buy 1 Get 1
165,Cermin Dinding Dekorasi M12 30x90 Cm - Putih,350.000, Buy 1 Get 1
166,Cermin Dinding Dekorasi 30x90x1.5 Cm M-13 - Cokelat,350.000, Buy 1 Get 1
167,Fulham Lampu Gantung Hias 22x100 Cm - Abu-abu,450.000, Online Exclusive
168,Fiore Sarung 50x75 Cm Bantal Bambu - Abu-abu,224.100, Online Exclusive
169,Cermin Rias Meja 17.5 Cm Pembesaran 2x - Putih,149.000, Buy More Save More
170,Beryl Lampu Dinding,499.500, Online Exclusive
171,Lampu Gantung Hias Fulton - Hitam,450.000, Online Exclusive
172,Fulton Lampu Gantung Hias 18x100 Cm - Hitam,450.000, Online Exclusive
173,Bingkai Foto 4r G1- Gold,39.000, Buy 2 Get 1
174,Cermin Rias Meja 15.5x21 Cm Pembesaran 2x - Putih,129.000, Buy More Save More
175,Bingkai Foto 35x35x1.5 Cm - Silver,129.000, Buy 2 Get 1
176,Fulton Lampu Gantung Hias - Hitam,450.000, Online Exclusive
177,Jam Dinding 10 Cm - Hitam,100.000, Buy 1 Get 1
178,Jam Dinding 25 Cm Analog - Putih,100.000, Buy 1 Get 1
179,Bingkai Foto 35x35x1.5 Cm B8 - Cokelat,129.000, Buy 2 Get 1
180,Celtic Lampu Meja - Gold,599.000, Buy 1 Get 1
181,Hiasan Dinding 50x70 Cm Kanvas Print Minimalist Xc23,229.000, New Arrivals
182,Cermin Dinding Dekorasi 90 Cm A40 - Silver,2.999.000, New Arrivals
183,Hiasan Dinding 102.5x102.5 Cm Kanvas Art Branch,2.799.000, New Arrivals
184,Cermin Dinding 90 Cm A24 - Silver,2.999.000, New Arrivals
185,Cermin Dinding Dekorasi 95 Cm A2 - Silver,2.999.000, New Arrivals
186,Cermin Lantai 80x2x180 Cm A82 - Silver,5.999.000, New Arrivals
187,Cermin Dinding Dekorasi 80x120 Cm A26 - Silver,2.999.000, New Arrivals
188,Hiasan Dinding 50x70 Cm Kanvas Print Shape Xc14,299.000, New Arrivals
189,Hiasan Dinding 40x50 Cm Kanvas Print Leaves Xc73,129.000, New Arrivals
190,Hiasan Dinding 45x60 Cm Kanvas Print Leaf - Gold,249.000, New Arrivals
191,Hiasan Dinding 40x50 Cm Kanvas Print Leaves Xc72,129.000, New Arrivals
192,Cermin Dinding Dekorasi 80x120 Cm A96 - Silver,3.999.000, New Arrivals
193,Hiasan Dinding 50x70 Cm Kanvas Print Cactus Xc73,229.000, New Arrivals
194,Tanaman Artifisial 50 Cm Monstera Albino,250.000, New Arrivals
195,Pot Tanaman 30 Cm Xy83 - Cokelat,399.000, New Arrivals
196,Cermin Dinding Dekorasi 70 Cm A21 - Silver,2.499.000, New Arrivals
197,Bantal Alas Duduk 55x110 Cm Monkey,329.000, New Arrivals
198,Pot Tanaman 27 Cm Xy63 - Cokelat/putih,399.000, New Arrivals
199,Hiasan Dinding 142.5x72.5 Cm Kanvas Art Flowers,2.799.000, New Arrivals
200,Lukisan 82.5x122.5 Cm Kanvas Minyak Leaves,2.799.000, New Arrivals
201,Hiasan Dinding 50x70 Cm Kanvas Print Minimalist Xc24,229.000, New Arrivals
202,Bingkai Foto 4r B8 - Cokelat,39.000, Buy 2 Get 1
203,Bingkai Foto B6 35x35x1.5 Cm - Hitam,129.000, Buy 2 Get 1
204,Tanaman Artifisial Column Planter Y9 25x25x94 Cm,799.000, Online Exclusive
205,Bingkai Foto 8r B8 - Kayu,89.000, Buy 2 Get 1
206,Bingkai Foto 5r B6 - Hitam,59.000, Buy 2 Get 1
207,Tanaman Artifisial Y7 30x30x135 Cm - Hijau,1.359.000, Online Exclusive
208,Bingkai Foto 4r B6 - Hitam,39.000, Buy 2 Get 1
209,Tanaman Artifisial Column Planter 35x35x160 Cm,1.699.000, Online Exclusive
210,Bingkai Foto 8r B6 - Hitam,89.000, Buy 2 Get 1
211,Bingkai Foto 5r W1- Putih,59.000, Buy 2 Get 1
212,Bingkai Foto 4r W1 - Putih,39.000, Buy 2 Get 1
213,Bingkai Foto 8r W1 - Putih,89.000, Buy 2 Get 1
214,Meryl Lampu Meja 12x17 Cm - Cokelat,89.000, Online Exclusive
215,Lampu Meja Meryl 12x17 Cm - Kuning,89.000, Online Exclusive
216,Jam Dinding 31.5 Cm Plastik 6911 - Pink,250.000, Buy 1 Get 1
217,Morris Lampu Meja 10.4x18.5 Cm - Gold,89.000, Online Exclusive
218,Bingkai Foto Board Dengan 4 Klip Bg19 39x49x3 Cm,159.000, Buy 2 Get 1
219,Miniatur Dekorasi  Two Owls Stack 30.3x8.5x23.2 Cm,140.000, New Arrivals
220,Bingkai Foto Kompilasi 4 Frame 27.6x27.6x3.8cm - Cokelat,149.000, Buy 2 Get 1
221,Bingkai Foto Kompilasi 4 Frame 27.6x27.6x3.8cm - Krem,149.000, Buy 2 Get 1
222,Bingkai Foto 4r Polyresin A1001 - Putih,39.000, Buy 2 Get 1
223,Bingkai Foto Kompilasi 4 Frame C275 27.6x27.6x3.8 Cm,149.000, Buy 2 Get 1
224,Bingkai Foto  Ic-3500 8r - Cokelat,69.000, Buy 2 Get 1
225,Bingkai Foto 4r Ic-3500  - Cokelat,39.000, Buy 2 Get 1
226,Bingkai Foto Ic-3500 5r - Cokelat,49.000, Buy 2 Get 1
227,Bingkai Foto 4r Ic-286 - Putih,49.000, Buy 2 Get 1
228,Bingkai Foto 4r Ic-183t - Cokelat,69.000, Buy 2 Get 1
229,Bingkai Foto 5r Ic-183t - Cokelat,89.000, Buy 2 Get 1
230,Bingkai Foto 4r Kolase - Putih,129.000, Buy 2 Get 1
231,Bingkai Foto 4r Kompilasi Bb-3013 8 Frame - Gold,179.000, Buy 2 Get 1
232,Bingkai Foto Kompilasi 8r 60x38x2.7 Cm - Putih,129.000, Buy 2 Get 1
233,Keset Kamar Mandi 39x69 Cm Oval Ludo - Biru,120.000, Buy 1 Get 1
234,Bingkai Foto 4r Kolase Persegi - Gold,129.000, Buy 2 Get 1
235,Keset Kamar Mandi 78x38 Cm Square - Cokelat,120.000, Buy 1 Get 1
236,Keset Kamar Mandi 66x36 Cm Pvc - Biru Muda,120.000, Buy 1 Get 1
237,Keset Kamar Mandi 39x69 Cm Pvc Oval - Transparan,120.000, Buy 1 Get 1
238,Keset Kamar Mandi 100x41 Cm Pvc Motif - Transparan,150.000, Buy 1 Get 1
239,Keset Kamar Mandi 39x69 Cm Oval Sea Animal - Transparan,120.000, Buy 1 Get 1
240,Keset Kamar Mandi 37x75 Cm Cm Pvc Hole - Transparan,120.000, Buy 1 Get 1
241,Keset Kamar Mandi 75x37 Cm Bubble - Hijau,120.000, Buy 1 Get 1
242,Bingkai Foto  41.8x17.8 Cm F9-3opngs - Cokelat,119.000, Buy 2 Get 1
243,Bingkai Foto 5r F9 - Cokelat,89.000, Buy 2 Get 1
244,Bingkai Foto 17.1x17.1x3 Cm F9,69.000, Buy 2 Get 1
245,Bingkai Foto Lipat 43.6 X 29 Cm - Cokelat,299.000, Buy 2 Get 1
246,Garvil Lampu Meja 56x21x69 Cm - Putih,699.000, Buy 1 Get 1
247,Garvil Lampu Meja 56x21x69 Cm - Hitam,699.000, Buy 1 Get 1
248,Keset Kamar Mandi 39x69 Cm Oval Ludo - Pink,120.000, Buy 1 Get 1
249,Keset Kamar Mandi 39 Cm Pvc Diamond - Biru,110.000, Buy 1 Get 1
250,Fleming Lampu Gantung Hias 25x102 Cm - Abu-abu,450.000, Online Exclusive
251,Fleming Lampu Gantung Hias 25x105 Cm - Abu-abu,450.000, Online Exclusive
252,Bingkai Foto 35x35x1.5 Cm G1 - Gold,129.000, Buy 2 Get 1
253,Bingkai Foto 30x44 Cm Board Dengan 4 Klip B49,129.000, Buy 2 Get 1
254,Bingkai Foto 40x30.5 Cm Board Dengan 3 Klip B48,129.000, Buy 2 Get 1
255,Bingkai Foto 5r S4 - Silver,59.000, Buy 2 Get 1
256,Bingkai Foto Board Dengan 2 Klip B47 26x28.5 Cm,99.000, Buy 2 Get 1
257,Bingkai Foto 8r S4 - Silver,89.000, Buy 2 Get 1
258,Celtic Lampu Meja - Silver,599.000, Buy 1 Get 1
